{
	"AUTOGEN_COMMAND_LINE_LENGTH_MAX" : 32000,
	"BUILD_DIR" : "D:/projects/XMLproject/build/Desktop_Qt_6_8_1_MinGW_64_bit-Release/XMLproject_autogen",
	"CMAKE_BINARY_DIR" : "D:/projects/XMLproject/build/Desktop_Qt_6_8_1_MinGW_64_bit-Release",
	"CMAKE_CURRENT_BINARY_DIR" : "D:/projects/XMLproject/build/Desktop_Qt_6_8_1_MinGW_64_bit-Release",
	"CMAKE_CURRENT_SOURCE_DIR" : "D:/projects/XMLproject",
	"CMAKE_EXECUTABLE" : "D:/QT/Tools/CMake_64/bin/cmake.exe",
	"CMAKE_LIST_FILES" : 
	[
		"D:/projects/XMLproject/CMakeLists.txt",
		"D:/projects/XMLproject/build/Desktop_Qt_6_8_1_MinGW_64_bit-Release/.qtc/package-manager/auto-setup.cmake",
		"D:/QT/Tools/CMake_64/share/cmake-3.29/Modules/CMakeDetermineSystem.cmake",
		"D:/QT/Tools/CMake_64/share/cmake-3.29/Modules/CMakeSystem.cmake.in",
		"D:/projects/XMLproject/build/Desktop_Qt_6_8_1_MinGW_64_bit-Release/CMakeFiles/3.29.3/CMakeSystem.cmake",
		"D:/QT/Tools/CMake_64/share/cmake-3.29/Modules/CMakeNinjaFindMake.cmake",
		"D:/QT/Tools/CMake_64/share/cmake-3.29/Modules/CMakeSystemSpecificInitialize.cmake",
		"D:/QT/Tools/CMake_64/share/cmake-3.29/Modules/Platform/Windows-Initialize.cmake",
		"D:/QT/Tools/CMake_64/share/cmake-3.29/Modules/CMakeDetermineCXXCompiler.cmake",
		"D:/QT/Tools/CMake_64/share/cmake-3.29/Modules/CMakeDetermineCompiler.cmake",
		"D:/QT/Tools/CMake_64/share/cmake-3.29/Modules/Platform/Windows-Determine-CXX.cmake",
		"D:/QT/Tools/CMake_64/share/cmake-3.29/Modules/CMakeDetermineCompilerId.cmake",
		"D:/QT/Tools/CMake_64/share/cmake-3.29/Modules/CMakeCompilerIdDetection.cmake",
		"D:/QT/Tools/CMake_64/share/cmake-3.29/Modules/Compiler/ADSP-DetermineCompiler.cmake",
		"D:/QT/Tools/CMake_64/share/cmake-3.29/Modules/Compiler/ARMCC-DetermineCompiler.cmake",
		"D:/QT/Tools/CMake_64/share/cmake-3.29/Modules/Compiler/ARMClang-DetermineCompiler.cmake",
		"D:/QT/Tools/CMake_64/share/cmake-3.29/Modules/Compiler/AppleClang-DetermineCompiler.cmake",
		"D:/QT/Tools/CMake_64/share/cmake-3.29/Modules/Compiler/Clang-DetermineCompilerInternal.cmake",
		"D:/QT/Tools/CMake_64/share/cmake-3.29/Modules/Compiler/Borland-DetermineCompiler.cmake",
		"D:/QT/Tools/CMake_64/share/cmake-3.29/Modules/Compiler/Clang-DetermineCompiler.cmake",
		"D:/QT/Tools/CMake_64/share/cmake-3.29/Modules/Compiler/Clang-DetermineCompilerInternal.cmake",
		"D:/QT/Tools/CMake_64/share/cmake-3.29/Modules/Compiler/Compaq-CXX-DetermineCompiler.cmake",
		"D:/QT/Tools/CMake_64/share/cmake-3.29/Modules/Compiler/Cray-DetermineCompiler.cmake",
		"D:/QT/Tools/CMake_64/share/cmake-3.29/Modules/Compiler/CrayClang-DetermineCompiler.cmake",
		"D:/QT/Tools/CMake_64/share/cmake-3.29/Modules/Compiler/Embarcadero-DetermineCompiler.cmake",
		"D:/QT/Tools/CMake_64/share/cmake-3.29/Modules/Compiler/Fujitsu-DetermineCompiler.cmake",
		"D:/QT/Tools/CMake_64/share/cmake-3.29/Modules/Compiler/FujitsuClang-DetermineCompiler.cmake",
		"D:/QT/Tools/CMake_64/share/cmake-3.29/Modules/Compiler/GHS-DetermineCompiler.cmake",
		"D:/QT/Tools/CMake_64/share/cmake-3.29/Modules/Compiler/GNU-CXX-DetermineCompiler.cmake",
		"D:/QT/Tools/CMake_64/share/cmake-3.29/Modules/Compiler/HP-CXX-DetermineCompiler.cmake",
		"D:/QT/Tools/CMake_64/share/cmake-3.29/Modules/Compiler/IAR-DetermineCompiler.cmake",
		"D:/QT/Tools/CMake_64/share/cmake-3.29/Modules/Compiler/IBMClang-CXX-DetermineCompiler.cmake",
		"D:/QT/Tools/CMake_64/share/cmake-3.29/Modules/Compiler/Intel-DetermineCompiler.cmake",
		"D:/QT/Tools/CMake_64/share/cmake-3.29/Modules/Compiler/IntelLLVM-DetermineCompiler.cmake",
		"D:/QT/Tools/CMake_64/share/cmake-3.29/Modules/Compiler/LCC-CXX-DetermineCompiler.cmake",
		"D:/QT/Tools/CMake_64/share/cmake-3.29/Modules/Compiler/MSVC-DetermineCompiler.cmake",
		"D:/QT/Tools/CMake_64/share/cmake-3.29/Modules/Compiler/NVHPC-DetermineCompiler.cmake",
		"D:/QT/Tools/CMake_64/share/cmake-3.29/Modules/Compiler/NVIDIA-DetermineCompiler.cmake",
		"D:/QT/Tools/CMake_64/share/cmake-3.29/Modules/Compiler/OpenWatcom-DetermineCompiler.cmake",
		"D:/QT/Tools/CMake_64/share/cmake-3.29/Modules/Compiler/OrangeC-DetermineCompiler.cmake",
		"D:/QT/Tools/CMake_64/share/cmake-3.29/Modules/Compiler/PGI-DetermineCompiler.cmake",
		"D:/QT/Tools/CMake_64/share/cmake-3.29/Modules/Compiler/PathScale-DetermineCompiler.cmake",
		"D:/QT/Tools/CMake_64/share/cmake-3.29/Modules/Compiler/SCO-DetermineCompiler.cmake",
		"D:/QT/Tools/CMake_64/share/cmake-3.29/Modules/Compiler/SunPro-CXX-DetermineCompiler.cmake",
		"D:/QT/Tools/CMake_64/share/cmake-3.29/Modules/Compiler/TI-DetermineCompiler.cmake",
		"D:/QT/Tools/CMake_64/share/cmake-3.29/Modules/Compiler/TIClang-DetermineCompiler.cmake",
		"D:/QT/Tools/CMake_64/share/cmake-3.29/Modules/Compiler/Tasking-DetermineCompiler.cmake",
		"D:/QT/Tools/CMake_64/share/cmake-3.29/Modules/Compiler/VisualAge-CXX-DetermineCompiler.cmake",
		"D:/QT/Tools/CMake_64/share/cmake-3.29/Modules/Compiler/IBMCPP-CXX-DetermineVersionInternal.cmake",
		"D:/QT/Tools/CMake_64/share/cmake-3.29/Modules/Compiler/Watcom-DetermineCompiler.cmake",
		"D:/QT/Tools/CMake_64/share/cmake-3.29/Modules/Compiler/XL-CXX-DetermineCompiler.cmake",
		"D:/QT/Tools/CMake_64/share/cmake-3.29/Modules/Compiler/IBMCPP-CXX-DetermineVersionInternal.cmake",
		"D:/QT/Tools/CMake_64/share/cmake-3.29/Modules/Compiler/XLClang-CXX-DetermineCompiler.cmake",
		"D:/QT/Tools/CMake_64/share/cmake-3.29/Modules/Compiler/zOS-CXX-DetermineCompiler.cmake",
		"D:/QT/Tools/CMake_64/share/cmake-3.29/Modules/Compiler/IBMCPP-CXX-DetermineVersionInternal.cmake",
		"D:/QT/Tools/CMake_64/share/cmake-3.29/Modules/CMakeFindBinUtils.cmake",
		"D:/QT/Tools/CMake_64/share/cmake-3.29/Modules/Compiler/GNU-FindBinUtils.cmake",
		"D:/QT/Tools/CMake_64/share/cmake-3.29/Modules/CMakeCXXCompiler.cmake.in",
		"D:/projects/XMLproject/build/Desktop_Qt_6_8_1_MinGW_64_bit-Release/CMakeFiles/3.29.3/CMakeCXXCompiler.cmake",
		"D:/QT/Tools/CMake_64/share/cmake-3.29/Modules/CMakeSystemSpecificInformation.cmake",
		"D:/QT/Tools/CMake_64/share/cmake-3.29/Modules/CMakeGenericSystem.cmake",
		"D:/QT/Tools/CMake_64/share/cmake-3.29/Modules/CMakeInitializeConfigs.cmake",
		"D:/QT/Tools/CMake_64/share/cmake-3.29/Modules/Platform/Windows.cmake",
		"D:/QT/Tools/CMake_64/share/cmake-3.29/Modules/Platform/WindowsPaths.cmake",
		"D:/QT/Tools/CMake_64/share/cmake-3.29/Modules/CMakeCXXInformation.cmake",
		"D:/QT/Tools/CMake_64/share/cmake-3.29/Modules/CMakeLanguageInformation.cmake",
		"D:/QT/Tools/CMake_64/share/cmake-3.29/Modules/Compiler/GNU-CXX.cmake",
		"D:/QT/Tools/CMake_64/share/cmake-3.29/Modules/Compiler/GNU.cmake",
		"D:/QT/Tools/CMake_64/share/cmake-3.29/Modules/Compiler/CMakeCommonCompilerMacros.cmake",
		"D:/QT/Tools/CMake_64/share/cmake-3.29/Modules/Platform/Windows-GNU-CXX.cmake",
		"D:/QT/Tools/CMake_64/share/cmake-3.29/Modules/Platform/Windows-GNU.cmake",
		"D:/QT/Tools/CMake_64/share/cmake-3.29/Modules/CMakeDetermineRCCompiler.cmake",
		"D:/QT/Tools/CMake_64/share/cmake-3.29/Modules/CMakeRCCompiler.cmake.in",
		"D:/projects/XMLproject/build/Desktop_Qt_6_8_1_MinGW_64_bit-Release/CMakeFiles/3.29.3/CMakeRCCompiler.cmake",
		"D:/QT/Tools/CMake_64/share/cmake-3.29/Modules/CMakeRCInformation.cmake",
		"D:/QT/Tools/CMake_64/share/cmake-3.29/Modules/Platform/Windows-windres.cmake",
		"D:/QT/Tools/CMake_64/share/cmake-3.29/Modules/CMakeTestRCCompiler.cmake",
		"D:/QT/Tools/CMake_64/share/cmake-3.29/Modules/CMakeCommonLanguageInclude.cmake",
		"D:/QT/Tools/CMake_64/share/cmake-3.29/Modules/CMakeTestCXXCompiler.cmake",
		"D:/QT/Tools/CMake_64/share/cmake-3.29/Modules/CMakeTestCompilerCommon.cmake",
		"D:/QT/Tools/CMake_64/share/cmake-3.29/Modules/CMakeDetermineCompilerABI.cmake",
		"D:/QT/Tools/CMake_64/share/cmake-3.29/Modules/Internal/CMakeDetermineLinkerId.cmake",
		"D:/QT/Tools/CMake_64/share/cmake-3.29/Modules/CMakeParseImplicitIncludeInfo.cmake",
		"D:/QT/Tools/CMake_64/share/cmake-3.29/Modules/CMakeParseImplicitLinkInfo.cmake",
		"D:/QT/Tools/CMake_64/share/cmake-3.29/Modules/CMakeParseLibraryArchitecture.cmake",
		"D:/QT/Tools/CMake_64/share/cmake-3.29/Modules/CMakeTestCompilerCommon.cmake",
		"D:/QT/Tools/CMake_64/share/cmake-3.29/Modules/CMakeCXXCompilerABI.cpp",
		"D:/QT/Tools/CMake_64/share/cmake-3.29/Modules/CMakeDetermineCompileFeatures.cmake",
		"D:/QT/Tools/CMake_64/share/cmake-3.29/Modules/Internal/FeatureTesting.cmake",
		"D:/QT/Tools/CMake_64/share/cmake-3.29/Modules/CMakeCXXCompiler.cmake.in",
		"D:/projects/XMLproject/build/Desktop_Qt_6_8_1_MinGW_64_bit-Release/CMakeFiles/3.29.3/CMakeCXXCompiler.cmake",
		"D:/QT/Tools/CMake_64/share/cmake-3.29/Modules/Platform/Windows-GNU-CXX-ABI.cmake",
		"D:/QT/6.8.1/mingw_64/lib/cmake/Qt6/Qt6ConfigVersion.cmake",
		"D:/QT/6.8.1/mingw_64/lib/cmake/Qt6/Qt6ConfigVersionImpl.cmake",
		"D:/QT/6.8.1/mingw_64/lib/cmake/Qt6/Qt6Config.cmake",
		"D:/QT/6.8.1/mingw_64/lib/cmake/Qt6/Qt6ConfigExtras.cmake",
		"D:/QT/6.8.1/mingw_64/lib/cmake/Qt6/QtPublicCMakeVersionHelpers.cmake",
		"D:/QT/6.8.1/mingw_64/lib/cmake/Qt6/QtPublicCMakeHelpers.cmake",
		"D:/QT/6.8.1/mingw_64/lib/cmake/Qt6/QtInstallPaths.cmake",
		"D:/QT/6.8.1/mingw_64/lib/cmake/Qt6/Qt6Targets.cmake",
		"D:/QT/6.8.1/mingw_64/lib/cmake/Qt6/Qt6VersionlessAliasTargets.cmake",
		"D:/QT/6.8.1/mingw_64/lib/cmake/Qt6/QtFeature.cmake",
		"D:/QT/Tools/CMake_64/share/cmake-3.29/Modules/CheckCXXCompilerFlag.cmake",
		"D:/QT/Tools/CMake_64/share/cmake-3.29/Modules/Internal/CheckCompilerFlag.cmake",
		"D:/QT/Tools/CMake_64/share/cmake-3.29/Modules/Internal/CheckFlagCommonConfig.cmake",
		"D:/QT/Tools/CMake_64/share/cmake-3.29/Modules/Internal/CheckSourceCompiles.cmake",
		"D:/QT/Tools/CMake_64/share/cmake-3.29/Modules/CMakeCheckCompilerFlagCommonPatterns.cmake",
		"D:/QT/Tools/CMake_64/share/cmake-3.29/Modules/CheckCXXSourceCompiles.cmake",
		"D:/QT/Tools/CMake_64/share/cmake-3.29/Modules/Internal/CheckSourceCompiles.cmake",
		"D:/QT/6.8.1/mingw_64/lib/cmake/Qt6/QtFeatureCommon.cmake",
		"D:/QT/6.8.1/mingw_64/lib/cmake/Qt6/QtPublicAppleHelpers.cmake",
		"D:/QT/6.8.1/mingw_64/lib/cmake/Qt6/QtPublicCMakeHelpers.cmake",
		"D:/QT/6.8.1/mingw_64/lib/cmake/Qt6/QtPublicCMakeVersionHelpers.cmake",
		"D:/QT/6.8.1/mingw_64/lib/cmake/Qt6/QtPublicDependencyHelpers.cmake",
		"D:/QT/6.8.1/mingw_64/lib/cmake/Qt6/QtPublicExternalProjectHelpers.cmake",
		"D:/QT/6.8.1/mingw_64/lib/cmake/Qt6/QtPublicFinalizerHelpers.cmake",
		"D:/QT/6.8.1/mingw_64/lib/cmake/Qt6/QtPublicFindPackageHelpers.cmake",
		"D:/QT/6.8.1/mingw_64/lib/cmake/Qt6/QtPublicGitHelpers.cmake",
		"D:/QT/6.8.1/mingw_64/lib/cmake/Qt6/QtPublicPluginHelpers.cmake",
		"D:/QT/6.8.1/mingw_64/lib/cmake/Qt6/QtPublicSbomGenerationHelpers.cmake",
		"D:/QT/6.8.1/mingw_64/lib/cmake/Qt6/QtPublicSbomHelpers.cmake",
		"D:/QT/6.8.1/mingw_64/lib/cmake/Qt6/QtPublicTargetHelpers.cmake",
		"D:/QT/6.8.1/mingw_64/lib/cmake/Qt6/QtPublicTestHelpers.cmake",
		"D:/QT/6.8.1/mingw_64/lib/cmake/Qt6/QtPublicToolHelpers.cmake",
		"D:/QT/6.8.1/mingw_64/lib/cmake/Qt6/QtPublicWalkLibsHelpers.cmake",
		"D:/QT/Tools/CMake_64/share/cmake-3.29/Modules/CMakeFindDependencyMacro.cmake",
		"D:/QT/6.8.1/mingw_64/lib/cmake/Qt6/Qt6Dependencies.cmake",
		"D:/QT/Tools/CMake_64/share/cmake-3.29/Modules/FindThreads.cmake",
		"D:/QT/Tools/CMake_64/share/cmake-3.29/Modules/CheckLibraryExists.cmake",
		"D:/QT/Tools/CMake_64/share/cmake-3.29/Modules/CheckIncludeFileCXX.cmake",
		"D:/QT/Tools/CMake_64/share/cmake-3.29/Modules/CheckCXXSourceCompiles.cmake",
		"D:/QT/Tools/CMake_64/share/cmake-3.29/Modules/FindPackageHandleStandardArgs.cmake",
		"D:/QT/Tools/CMake_64/share/cmake-3.29/Modules/FindPackageMessage.cmake",
		"D:/QT/6.8.1/mingw_64/lib/cmake/Qt6/Qt6ConfigVersion.cmake",
		"D:/QT/6.8.1/mingw_64/lib/cmake/Qt6/Qt6ConfigVersionImpl.cmake",
		"D:/QT/6.8.1/mingw_64/lib/cmake/Qt6/Qt6Config.cmake",
		"D:/QT/6.8.1/mingw_64/lib/cmake/Qt6/Qt6ConfigExtras.cmake",
		"D:/QT/6.8.1/mingw_64/lib/cmake/Qt6/QtPublicCMakeVersionHelpers.cmake",
		"D:/QT/6.8.1/mingw_64/lib/cmake/Qt6/QtPublicCMakeHelpers.cmake",
		"D:/QT/6.8.1/mingw_64/lib/cmake/Qt6/QtInstallPaths.cmake",
		"D:/QT/6.8.1/mingw_64/lib/cmake/Qt6/Qt6Targets.cmake",
		"D:/QT/6.8.1/mingw_64/lib/cmake/Qt6/Qt6VersionlessAliasTargets.cmake",
		"D:/QT/6.8.1/mingw_64/lib/cmake/Qt6/QtFeature.cmake",
		"D:/QT/Tools/CMake_64/share/cmake-3.29/Modules/CheckCXXCompilerFlag.cmake",
		"D:/QT/6.8.1/mingw_64/lib/cmake/Qt6/QtFeatureCommon.cmake",
		"D:/QT/6.8.1/mingw_64/lib/cmake/Qt6/QtPublicAppleHelpers.cmake",
		"D:/QT/6.8.1/mingw_64/lib/cmake/Qt6/QtPublicCMakeHelpers.cmake",
		"D:/QT/6.8.1/mingw_64/lib/cmake/Qt6/QtPublicCMakeVersionHelpers.cmake",
		"D:/QT/6.8.1/mingw_64/lib/cmake/Qt6/QtPublicDependencyHelpers.cmake",
		"D:/QT/6.8.1/mingw_64/lib/cmake/Qt6/QtPublicExternalProjectHelpers.cmake",
		"D:/QT/6.8.1/mingw_64/lib/cmake/Qt6/QtPublicFinalizerHelpers.cmake",
		"D:/QT/6.8.1/mingw_64/lib/cmake/Qt6/QtPublicFindPackageHelpers.cmake",
		"D:/QT/6.8.1/mingw_64/lib/cmake/Qt6/QtPublicGitHelpers.cmake",
		"D:/QT/6.8.1/mingw_64/lib/cmake/Qt6/QtPublicPluginHelpers.cmake",
		"D:/QT/6.8.1/mingw_64/lib/cmake/Qt6/QtPublicSbomGenerationHelpers.cmake",
		"D:/QT/6.8.1/mingw_64/lib/cmake/Qt6/QtPublicSbomHelpers.cmake",
		"D:/QT/6.8.1/mingw_64/lib/cmake/Qt6/QtPublicTargetHelpers.cmake",
		"D:/QT/6.8.1/mingw_64/lib/cmake/Qt6/QtPublicTestHelpers.cmake",
		"D:/QT/6.8.1/mingw_64/lib/cmake/Qt6/QtPublicToolHelpers.cmake",
		"D:/QT/6.8.1/mingw_64/lib/cmake/Qt6/QtPublicWalkLibsHelpers.cmake",
		"D:/QT/Tools/CMake_64/share/cmake-3.29/Modules/CMakeFindDependencyMacro.cmake",
		"D:/QT/6.8.1/mingw_64/lib/cmake/Qt6/Qt6Dependencies.cmake",
		"D:/QT/6.8.1/mingw_64/lib/cmake/Qt6Widgets/Qt6WidgetsConfigVersion.cmake",
		"D:/QT/6.8.1/mingw_64/lib/cmake/Qt6Widgets/Qt6WidgetsConfigVersionImpl.cmake",
		"D:/QT/6.8.1/mingw_64/lib/cmake/Qt6Widgets/Qt6WidgetsConfig.cmake",
		"D:/QT/Tools/CMake_64/share/cmake-3.29/Modules/CMakeFindDependencyMacro.cmake",
		"D:/QT/6.8.1/mingw_64/lib/cmake/Qt6Widgets/Qt6WidgetsDependencies.cmake",
		"D:/QT/6.8.1/mingw_64/lib/cmake/Qt6WidgetsTools/Qt6WidgetsToolsConfigVersion.cmake",
		"D:/QT/6.8.1/mingw_64/lib/cmake/Qt6WidgetsTools/Qt6WidgetsToolsConfigVersionImpl.cmake",
		"D:/QT/6.8.1/mingw_64/lib/cmake/Qt6WidgetsTools/Qt6WidgetsToolsConfig.cmake",
		"D:/QT/Tools/CMake_64/share/cmake-3.29/Modules/CMakeFindDependencyMacro.cmake",
		"D:/QT/6.8.1/mingw_64/lib/cmake/Qt6WidgetsTools/Qt6WidgetsToolsDependencies.cmake",
		"D:/QT/6.8.1/mingw_64/lib/cmake/Qt6CoreTools/Qt6CoreToolsConfigVersion.cmake",
		"D:/QT/6.8.1/mingw_64/lib/cmake/Qt6CoreTools/Qt6CoreToolsConfigVersionImpl.cmake",
		"D:/QT/6.8.1/mingw_64/lib/cmake/Qt6CoreTools/Qt6CoreToolsConfig.cmake",
		"D:/QT/Tools/CMake_64/share/cmake-3.29/Modules/CMakeFindDependencyMacro.cmake",
		"D:/QT/6.8.1/mingw_64/lib/cmake/Qt6CoreTools/Qt6CoreToolsDependencies.cmake",
		"D:/QT/6.8.1/mingw_64/lib/cmake/Qt6CoreTools/Qt6CoreToolsTargets.cmake",
		"D:/QT/6.8.1/mingw_64/lib/cmake/Qt6CoreTools/Qt6CoreToolsTargets-relwithdebinfo.cmake",
		"D:/QT/6.8.1/mingw_64/lib/cmake/Qt6CoreTools/Qt6CoreToolsAdditionalTargetInfo.cmake",
		"D:/QT/6.8.1/mingw_64/lib/cmake/Qt6CoreTools/Qt6CoreToolsVersionlessTargets.cmake",
		"D:/QT/6.8.1/mingw_64/lib/cmake/Qt6GuiTools/Qt6GuiToolsConfigVersion.cmake",
		"D:/QT/6.8.1/mingw_64/lib/cmake/Qt6GuiTools/Qt6GuiToolsConfigVersionImpl.cmake",
		"D:/QT/6.8.1/mingw_64/lib/cmake/Qt6GuiTools/Qt6GuiToolsConfig.cmake",
		"D:/QT/Tools/CMake_64/share/cmake-3.29/Modules/CMakeFindDependencyMacro.cmake",
		"D:/QT/6.8.1/mingw_64/lib/cmake/Qt6GuiTools/Qt6GuiToolsDependencies.cmake",
		"D:/QT/6.8.1/mingw_64/lib/cmake/Qt6GuiTools/Qt6GuiToolsTargets.cmake",
		"D:/QT/6.8.1/mingw_64/lib/cmake/Qt6GuiTools/Qt6GuiToolsTargets-relwithdebinfo.cmake",
		"D:/QT/6.8.1/mingw_64/lib/cmake/Qt6GuiTools/Qt6GuiToolsAdditionalTargetInfo.cmake",
		"D:/QT/6.8.1/mingw_64/lib/cmake/Qt6GuiTools/Qt6GuiToolsVersionlessTargets.cmake",
		"D:/QT/6.8.1/mingw_64/lib/cmake/Qt6WidgetsTools/Qt6WidgetsToolsTargets.cmake",
		"D:/QT/6.8.1/mingw_64/lib/cmake/Qt6WidgetsTools/Qt6WidgetsToolsTargets-relwithdebinfo.cmake",
		"D:/QT/6.8.1/mingw_64/lib/cmake/Qt6WidgetsTools/Qt6WidgetsToolsAdditionalTargetInfo.cmake",
		"D:/QT/6.8.1/mingw_64/lib/cmake/Qt6WidgetsTools/Qt6WidgetsToolsVersionlessTargets.cmake",
		"D:/QT/6.8.1/mingw_64/lib/cmake/Qt6Core/Qt6CoreConfigVersion.cmake",
		"D:/QT/6.8.1/mingw_64/lib/cmake/Qt6Core/Qt6CoreConfigVersionImpl.cmake",
		"D:/QT/6.8.1/mingw_64/lib/cmake/Qt6Core/Qt6CoreConfig.cmake",
		"D:/QT/Tools/CMake_64/share/cmake-3.29/Modules/CMakeFindDependencyMacro.cmake",
		"D:/QT/6.8.1/mingw_64/lib/cmake/Qt6Core/Qt6CoreDependencies.cmake",
		"D:/QT/6.8.1/mingw_64/lib/cmake/Qt6/FindWrapAtomic.cmake",
		"D:/QT/Tools/CMake_64/share/cmake-3.29/Modules/CheckCXXSourceCompiles.cmake",
		"D:/QT/Tools/CMake_64/share/cmake-3.29/Modules/FindPackageHandleStandardArgs.cmake",
		"D:/QT/Tools/CMake_64/share/cmake-3.29/Modules/FindPackageMessage.cmake",
		"D:/QT/6.8.1/mingw_64/lib/cmake/Qt6CoreTools/Qt6CoreToolsConfigVersion.cmake",
		"D:/QT/6.8.1/mingw_64/lib/cmake/Qt6CoreTools/Qt6CoreToolsConfigVersionImpl.cmake",
		"D:/QT/6.8.1/mingw_64/lib/cmake/Qt6CoreTools/Qt6CoreToolsConfig.cmake",
		"D:/QT/Tools/CMake_64/share/cmake-3.29/Modules/CMakeFindDependencyMacro.cmake",
		"D:/QT/6.8.1/mingw_64/lib/cmake/Qt6CoreTools/Qt6CoreToolsDependencies.cmake",
		"D:/QT/6.8.1/mingw_64/lib/cmake/Qt6CoreTools/Qt6CoreToolsTargets.cmake",
		"D:/QT/6.8.1/mingw_64/lib/cmake/Qt6CoreTools/Qt6CoreToolsAdditionalTargetInfo.cmake",
		"D:/QT/6.8.1/mingw_64/lib/cmake/Qt6CoreTools/Qt6CoreToolsVersionlessTargets.cmake",
		"D:/QT/6.8.1/mingw_64/lib/cmake/Qt6ZlibPrivate/Qt6ZlibPrivateConfigVersion.cmake",
		"D:/QT/6.8.1/mingw_64/lib/cmake/Qt6ZlibPrivate/Qt6ZlibPrivateConfigVersionImpl.cmake",
		"D:/QT/6.8.1/mingw_64/lib/cmake/Qt6ZlibPrivate/Qt6ZlibPrivateConfig.cmake",
		"D:/QT/Tools/CMake_64/share/cmake-3.29/Modules/CMakeFindDependencyMacro.cmake",
		"D:/QT/6.8.1/mingw_64/lib/cmake/Qt6ZlibPrivate/Qt6ZlibPrivateTargets.cmake",
		"D:/QT/6.8.1/mingw_64/lib/cmake/Qt6ZlibPrivate/Qt6ZlibPrivateAdditionalTargetInfo.cmake",
		"D:/QT/6.8.1/mingw_64/lib/cmake/Qt6ZlibPrivate/Qt6ZlibPrivateVersionlessAliasTargets.cmake",
		"D:/QT/6.8.1/mingw_64/lib/cmake/Qt6EntryPointPrivate/Qt6EntryPointPrivateConfigVersion.cmake",
		"D:/QT/6.8.1/mingw_64/lib/cmake/Qt6EntryPointPrivate/Qt6EntryPointPrivateConfigVersionImpl.cmake",
		"D:/QT/6.8.1/mingw_64/lib/cmake/Qt6EntryPointPrivate/Qt6EntryPointPrivateConfig.cmake",
		"D:/QT/Tools/CMake_64/share/cmake-3.29/Modules/CMakeFindDependencyMacro.cmake",
		"D:/QT/6.8.1/mingw_64/lib/cmake/Qt6EntryPointPrivate/Qt6EntryPointPrivateTargets.cmake",
		"D:/QT/6.8.1/mingw_64/lib/cmake/Qt6EntryPointPrivate/Qt6EntryPointPrivateTargets-relwithdebinfo.cmake",
		"D:/QT/6.8.1/mingw_64/lib/cmake/Qt6EntryPointPrivate/Qt6EntryPointPrivateAdditionalTargetInfo.cmake",
		"D:/QT/6.8.1/mingw_64/lib/cmake/Qt6EntryPointPrivate/Qt6EntryPointMinGW32Target.cmake",
		"D:/QT/6.8.1/mingw_64/lib/cmake/Qt6EntryPointPrivate/Qt6EntryPointPrivateVersionlessAliasTargets.cmake",
		"D:/QT/6.8.1/mingw_64/lib/cmake/Qt6Core/Qt6CoreTargets.cmake",
		"D:/QT/6.8.1/mingw_64/lib/cmake/Qt6Core/Qt6CoreTargets-relwithdebinfo.cmake",
		"D:/QT/6.8.1/mingw_64/lib/cmake/Qt6Core/Qt6CoreAdditionalTargetInfo.cmake",
		"D:/QT/6.8.1/mingw_64/lib/cmake/Qt6Core/Qt6CoreMacros.cmake",
		"D:/QT/6.8.1/mingw_64/lib/cmake/Qt6Core/Qt6CoreConfigExtras.cmake",
		"D:/QT/Tools/CMake_64/share/cmake-3.29/Modules/GNUInstallDirs.cmake",
		"D:/QT/6.8.1/mingw_64/lib/cmake/Qt6Core/Qt6CoreVersionlessAliasTargets.cmake",
		"D:/QT/6.8.1/mingw_64/lib/cmake/Qt6Gui/Qt6GuiConfigVersion.cmake",
		"D:/QT/6.8.1/mingw_64/lib/cmake/Qt6Gui/Qt6GuiConfigVersionImpl.cmake",
		"D:/QT/6.8.1/mingw_64/lib/cmake/Qt6Gui/Qt6GuiConfig.cmake",
		"D:/QT/Tools/CMake_64/share/cmake-3.29/Modules/CMakeFindDependencyMacro.cmake",
		"D:/QT/6.8.1/mingw_64/lib/cmake/Qt6Gui/Qt6GuiDependencies.cmake",
		"D:/QT/6.8.1/mingw_64/lib/cmake/Qt6/FindWrapVulkanHeaders.cmake",
		"D:/QT/Tools/CMake_64/share/cmake-3.29/Modules/FindVulkan.cmake",
		"D:/QT/Tools/CMake_64/share/cmake-3.29/Modules/FindPackageHandleStandardArgs.cmake",
		"D:/QT/Tools/CMake_64/share/cmake-3.29/Modules/FindPackageMessage.cmake",
		"D:/QT/Tools/CMake_64/share/cmake-3.29/Modules/FindPackageHandleStandardArgs.cmake",
		"D:/QT/Tools/CMake_64/share/cmake-3.29/Modules/FindPackageMessage.cmake",
		"D:/QT/6.8.1/mingw_64/lib/cmake/Qt6GuiTools/Qt6GuiToolsConfigVersion.cmake",
		"D:/QT/6.8.1/mingw_64/lib/cmake/Qt6GuiTools/Qt6GuiToolsConfigVersionImpl.cmake",
		"D:/QT/6.8.1/mingw_64/lib/cmake/Qt6GuiTools/Qt6GuiToolsConfig.cmake",
		"D:/QT/Tools/CMake_64/share/cmake-3.29/Modules/CMakeFindDependencyMacro.cmake",
		"D:/QT/6.8.1/mingw_64/lib/cmake/Qt6GuiTools/Qt6GuiToolsDependencies.cmake",
		"D:/QT/6.8.1/mingw_64/lib/cmake/Qt6GuiTools/Qt6GuiToolsTargets.cmake",
		"D:/QT/6.8.1/mingw_64/lib/cmake/Qt6GuiTools/Qt6GuiToolsAdditionalTargetInfo.cmake",
		"D:/QT/6.8.1/mingw_64/lib/cmake/Qt6GuiTools/Qt6GuiToolsVersionlessTargets.cmake",
		"D:/QT/6.8.1/mingw_64/lib/cmake/Qt6Gui/Qt6GuiTargets.cmake",
		"D:/QT/6.8.1/mingw_64/lib/cmake/Qt6Gui/Qt6GuiTargets-relwithdebinfo.cmake",
		"D:/QT/6.8.1/mingw_64/lib/cmake/Qt6Gui/Qt6GuiAdditionalTargetInfo.cmake",
		"D:/QT/6.8.1/mingw_64/lib/cmake/Qt6Gui/Qt6GuiPlugins.cmake",
		"D:/QT/6.8.1/mingw_64/lib/cmake/Qt6Gui/Qt6QGifPluginConfig.cmake",
		"D:/QT/Tools/CMake_64/share/cmake-3.29/Modules/CMakeFindDependencyMacro.cmake",
		"D:/QT/6.8.1/mingw_64/lib/cmake/Qt6Gui/Qt6QGifPluginTargets.cmake",
		"D:/QT/6.8.1/mingw_64/lib/cmake/Qt6Gui/Qt6QGifPluginTargets-relwithdebinfo.cmake",
		"D:/QT/6.8.1/mingw_64/lib/cmake/Qt6Gui/Qt6QGifPluginAdditionalTargetInfo.cmake",
		"D:/QT/6.8.1/mingw_64/lib/cmake/Qt6Gui/Qt6QICOPluginConfig.cmake",
		"D:/QT/Tools/CMake_64/share/cmake-3.29/Modules/CMakeFindDependencyMacro.cmake",
		"D:/QT/6.8.1/mingw_64/lib/cmake/Qt6Gui/Qt6QICOPluginTargets.cmake",
		"D:/QT/6.8.1/mingw_64/lib/cmake/Qt6Gui/Qt6QICOPluginTargets-relwithdebinfo.cmake",
		"D:/QT/6.8.1/mingw_64/lib/cmake/Qt6Gui/Qt6QICOPluginAdditionalTargetInfo.cmake",
		"D:/QT/6.8.1/mingw_64/lib/cmake/Qt6Gui/Qt6QJpegPluginConfig.cmake",
		"D:/QT/Tools/CMake_64/share/cmake-3.29/Modules/CMakeFindDependencyMacro.cmake",
		"D:/QT/6.8.1/mingw_64/lib/cmake/Qt6Gui/Qt6QJpegPluginTargets.cmake",
		"D:/QT/6.8.1/mingw_64/lib/cmake/Qt6Gui/Qt6QJpegPluginTargets-relwithdebinfo.cmake",
		"D:/QT/6.8.1/mingw_64/lib/cmake/Qt6Gui/Qt6QJpegPluginAdditionalTargetInfo.cmake",
		"D:/QT/6.8.1/mingw_64/lib/cmake/Qt6Gui/Qt6QMinimalIntegrationPluginConfig.cmake",
		"D:/QT/Tools/CMake_64/share/cmake-3.29/Modules/CMakeFindDependencyMacro.cmake",
		"D:/QT/6.8.1/mingw_64/lib/cmake/Qt6Gui/Qt6QMinimalIntegrationPluginTargets.cmake",
		"D:/QT/6.8.1/mingw_64/lib/cmake/Qt6Gui/Qt6QMinimalIntegrationPluginTargets-relwithdebinfo.cmake",
		"D:/QT/6.8.1/mingw_64/lib/cmake/Qt6Gui/Qt6QMinimalIntegrationPluginAdditionalTargetInfo.cmake",
		"D:/QT/6.8.1/mingw_64/lib/cmake/Qt6Gui/Qt6QOffscreenIntegrationPluginConfig.cmake",
		"D:/QT/Tools/CMake_64/share/cmake-3.29/Modules/CMakeFindDependencyMacro.cmake",
		"D:/QT/6.8.1/mingw_64/lib/cmake/Qt6Gui/Qt6QOffscreenIntegrationPluginTargets.cmake",
		"D:/QT/6.8.1/mingw_64/lib/cmake/Qt6Gui/Qt6QOffscreenIntegrationPluginTargets-relwithdebinfo.cmake",
		"D:/QT/6.8.1/mingw_64/lib/cmake/Qt6Gui/Qt6QOffscreenIntegrationPluginAdditionalTargetInfo.cmake",
		"D:/QT/6.8.1/mingw_64/lib/cmake/Qt6Gui/Qt6QSvgIconPluginConfig.cmake",
		"D:/QT/Tools/CMake_64/share/cmake-3.29/Modules/CMakeFindDependencyMacro.cmake",
		"D:/QT/6.8.1/mingw_64/lib/cmake/Qt6Gui/Qt6QSvgIconPluginTargets.cmake",
		"D:/QT/6.8.1/mingw_64/lib/cmake/Qt6Gui/Qt6QSvgIconPluginTargets-relwithdebinfo.cmake",
		"D:/QT/6.8.1/mingw_64/lib/cmake/Qt6Gui/Qt6QSvgIconPluginAdditionalTargetInfo.cmake",
		"D:/QT/6.8.1/mingw_64/lib/cmake/Qt6Gui/Qt6QSvgPluginConfig.cmake",
		"D:/QT/Tools/CMake_64/share/cmake-3.29/Modules/CMakeFindDependencyMacro.cmake",
		"D:/QT/6.8.1/mingw_64/lib/cmake/Qt6Gui/Qt6QSvgPluginTargets.cmake",
		"D:/QT/6.8.1/mingw_64/lib/cmake/Qt6Gui/Qt6QSvgPluginTargets-relwithdebinfo.cmake",
		"D:/QT/6.8.1/mingw_64/lib/cmake/Qt6Gui/Qt6QSvgPluginAdditionalTargetInfo.cmake",
		"D:/QT/6.8.1/mingw_64/lib/cmake/Qt6Gui/Qt6QTuioTouchPluginConfig.cmake",
		"D:/QT/Tools/CMake_64/share/cmake-3.29/Modules/CMakeFindDependencyMacro.cmake",
		"D:/QT/6.8.1/mingw_64/lib/cmake/Qt6Gui/Qt6QTuioTouchPluginTargets.cmake",
		"D:/QT/6.8.1/mingw_64/lib/cmake/Qt6Gui/Qt6QTuioTouchPluginTargets-relwithdebinfo.cmake",
		"D:/QT/6.8.1/mingw_64/lib/cmake/Qt6Gui/Qt6QTuioTouchPluginAdditionalTargetInfo.cmake",
		"D:/QT/6.8.1/mingw_64/lib/cmake/Qt6Gui/Qt6QWindowsDirect2DIntegrationPluginConfig.cmake",
		"D:/QT/Tools/CMake_64/share/cmake-3.29/Modules/CMakeFindDependencyMacro.cmake",
		"D:/QT/6.8.1/mingw_64/lib/cmake/Qt6Gui/Qt6QWindowsDirect2DIntegrationPluginTargets.cmake",
		"D:/QT/6.8.1/mingw_64/lib/cmake/Qt6Gui/Qt6QWindowsDirect2DIntegrationPluginTargets-relwithdebinfo.cmake",
		"D:/QT/6.8.1/mingw_64/lib/cmake/Qt6Gui/Qt6QWindowsDirect2DIntegrationPluginAdditionalTargetInfo.cmake",
		"D:/QT/6.8.1/mingw_64/lib/cmake/Qt6Gui/Qt6QWindowsIntegrationPluginConfig.cmake",
		"D:/QT/Tools/CMake_64/share/cmake-3.29/Modules/CMakeFindDependencyMacro.cmake",
		"D:/QT/6.8.1/mingw_64/lib/cmake/Qt6Gui/Qt6QWindowsIntegrationPluginTargets.cmake",
		"D:/QT/6.8.1/mingw_64/lib/cmake/Qt6Gui/Qt6QWindowsIntegrationPluginTargets-relwithdebinfo.cmake",
		"D:/QT/6.8.1/mingw_64/lib/cmake/Qt6Gui/Qt6QWindowsIntegrationPluginAdditionalTargetInfo.cmake",
		"D:/QT/6.8.1/mingw_64/lib/cmake/Qt6Gui/Qt6GuiVersionlessAliasTargets.cmake",
		"D:/QT/6.8.1/mingw_64/lib/cmake/Qt6Widgets/Qt6WidgetsTargets.cmake",
		"D:/QT/6.8.1/mingw_64/lib/cmake/Qt6Widgets/Qt6WidgetsTargets-relwithdebinfo.cmake",
		"D:/QT/6.8.1/mingw_64/lib/cmake/Qt6Widgets/Qt6WidgetsAdditionalTargetInfo.cmake",
		"D:/QT/6.8.1/mingw_64/lib/cmake/Qt6Widgets/Qt6WidgetsMacros.cmake",
		"D:/QT/6.8.1/mingw_64/lib/cmake/Qt6Widgets/Qt6WidgetsPlugins.cmake",
		"D:/QT/6.8.1/mingw_64/lib/cmake/Qt6Widgets/Qt6QModernWindowsStylePluginConfig.cmake",
		"D:/QT/Tools/CMake_64/share/cmake-3.29/Modules/CMakeFindDependencyMacro.cmake",
		"D:/QT/6.8.1/mingw_64/lib/cmake/Qt6Widgets/Qt6QModernWindowsStylePluginTargets.cmake",
		"D:/QT/6.8.1/mingw_64/lib/cmake/Qt6Widgets/Qt6QModernWindowsStylePluginTargets-relwithdebinfo.cmake",
		"D:/QT/6.8.1/mingw_64/lib/cmake/Qt6Widgets/Qt6QModernWindowsStylePluginAdditionalTargetInfo.cmake",
		"D:/QT/6.8.1/mingw_64/lib/cmake/Qt6Widgets/Qt6WidgetsVersionlessAliasTargets.cmake",
		"D:/QT/Tools/CMake_64/share/cmake-3.29/Modules/GNUInstallDirs.cmake"
	],
	"CMAKE_SOURCE_DIR" : "D:/projects/XMLproject",
	"CROSS_CONFIG" : false,
	"DEP_FILE" : "D:/projects/XMLproject/build/Desktop_Qt_6_8_1_MinGW_64_bit-Release/XMLproject_autogen/deps",
	"DEP_FILE_RULE_NAME" : "XMLproject_autogen/timestamp",
	"HEADERS" : 
	[
		[
			"D:/projects/XMLproject/Minifing.h",
			"MU",
			"EWIEGA46WW/moc_Minifing.cpp",
			null
		],
		[
			"D:/projects/XMLproject/compressor.h",
			"MU",
			"EWIEGA46WW/moc_compressor.cpp",
			null
		],
		[
			"D:/projects/XMLproject/decompressor.h",
			"MU",
			"EWIEGA46WW/moc_decompressor.cpp",
			null
		],
		[
			"D:/projects/XMLproject/graph.hpp",
			"MU",
			"EWIEGA46WW/moc_graph.cpp",
			null
		],
		[
			"D:/projects/XMLproject/largefileviewer.h",
			"MU",
			"EWIEGA46WW/moc_largefileviewer.cpp",
			null
		],
		[
			"D:/projects/XMLproject/mainwindow.h",
			"MU",
			"EWIEGA46WW/moc_mainwindow.cpp",
			null
		],
		[
			"D:/projects/XMLproject/most_active.hpp",
			"MU",
			"EWIEGA46WW/moc_most_active.cpp",
			null
		],
		[
			"D:/projects/XMLproject/most_influencer.hpp",
			"MU",
			"EWIEGA46WW/moc_most_influencer.cpp",
			null
		],
		[
			"D:/projects/XMLproject/mutual_followers.hpp",
			"MU",
			"EWIEGA46WW/moc_mutual_followers.cpp",
			null
		],
		[
			"D:/projects/XMLproject/networkanalysiswindow.h",
			"MU",
			"EWIEGA46WW/moc_networkanalysiswindow.cpp",
			null
		],
		[
			"D:/projects/XMLproject/prettify.hpp",
			"MU",
			"EWIEGA46WW/moc_prettify.cpp",
			null
		],
		[
			"D:/projects/XMLproject/searchwindow.h",
			"MU",
			"EWIEGA46WW/moc_searchwindow.cpp",
			null
		],
		[
			"D:/projects/XMLproject/suggest.hpp",
			"MU",
			"EWIEGA46WW/moc_suggest.cpp",
			null
		],
		[
			"D:/projects/XMLproject/user.hpp",
			"MU",
			"EWIEGA46WW/moc_user.cpp",
			null
		],
		[
			"D:/projects/XMLproject/utils.hpp",
			"MU",
			"EWIEGA46WW/moc_utils.cpp",
			null
		],
		[
			"D:/projects/XMLproject/word_topic_search.h",
			"MU",
			"EWIEGA46WW/moc_word_topic_search.cpp",
			null
		],
		[
			"D:/projects/XMLproject/xml2json.hpp",
			"MU",
			"EWIEGA46WW/moc_xml2json.cpp",
			null
		],
		[
			"D:/projects/XMLproject/xml_checker.hpp",
			"MU",
			"EWIEGA46WW/moc_xml_checker.cpp",
			null
		],
		[
			"D:/projects/XMLproject/xml_helper.hpp",
			"MU",
			"EWIEGA46WW/moc_xml_helper.cpp",
			null
		],
		[
			"D:/projects/XMLproject/xml_node.hpp",
			"MU",
			"EWIEGA46WW/moc_xml_node.cpp",
			null
		],
		[
			"D:/projects/XMLproject/xml_parser.hpp",
			"MU",
			"EWIEGA46WW/moc_xml_parser.cpp",
			null
		],
		[
			"D:/projects/XMLproject/xml_util.hpp",
			"MU",
			"EWIEGA46WW/moc_xml_util.cpp",
			null
		]
	],
	"HEADER_EXTENSIONS" : [ "h", "hh", "h++", "hm", "hpp", "hxx", "in", "txx" ],
	"INCLUDE_DIR" : "D:/projects/XMLproject/build/Desktop_Qt_6_8_1_MinGW_64_bit-Release/XMLproject_autogen/include",
	"MOC_COMPILATION_FILE" : "D:/projects/XMLproject/build/Desktop_Qt_6_8_1_MinGW_64_bit-Release/XMLproject_autogen/mocs_compilation.cpp",
	"MOC_DEFINITIONS" : 
	[
		"MINGW_HAS_SECURE_API=1",
		"QT_CORE_LIB",
		"QT_GUI_LIB",
		"QT_NEEDS_QMAIN",
		"QT_NO_DEBUG",
		"QT_WIDGETS_LIB",
		"UNICODE",
		"WIN32",
		"WIN64",
		"_ENABLE_EXTENDED_ALIGNED_STORAGE",
		"_UNICODE",
		"_WIN64"
	],
	"MOC_DEPEND_FILTERS" : 
	[
		[
			"Q_PLUGIN_METADATA",
			"[\n][ \t]*Q_PLUGIN_METADATA[ \t]*\\([^\\)]*FILE[ \t]*\"([^\"]+)\""
		]
	],
	"MOC_INCLUDES" : 
	[
		"D:/QT/6.8.1/mingw_64/include/QtCore",
		"D:/QT/6.8.1/mingw_64/include",
		"D:/QT/6.8.1/mingw_64/mkspecs/win32-g++",
		"D:/QT/6.8.1/mingw_64/include/QtWidgets",
		"D:/QT/6.8.1/mingw_64/include/QtGui",
		"D:/QT/Tools/mingw1310_64/lib/gcc/x86_64-w64-mingw32/13.1.0/include/c++",
		"D:/QT/Tools/mingw1310_64/lib/gcc/x86_64-w64-mingw32/13.1.0/include/c++/x86_64-w64-mingw32",
		"D:/QT/Tools/mingw1310_64/lib/gcc/x86_64-w64-mingw32/13.1.0/include/c++/backward",
		"D:/QT/Tools/mingw1310_64/lib/gcc/x86_64-w64-mingw32/13.1.0/include",
		"D:/QT/Tools/mingw1310_64/lib/gcc/x86_64-w64-mingw32/13.1.0/include-fixed",
		"D:/QT/Tools/mingw1310_64/x86_64-w64-mingw32/include"
	],
	"MOC_MACRO_NAMES" : 
	[
		"Q_OBJECT",
		"Q_GADGET",
		"Q_NAMESPACE",
		"Q_NAMESPACE_EXPORT",
		"Q_GADGET_EXPORT",
		"Q_ENUM_NS"
	],
	"MOC_OPTIONS" : [],
	"MOC_PATH_PREFIX" : false,
	"MOC_PREDEFS_CMD" : 
	[
		"D:/QT/Tools/mingw1310_64/bin/g++.exe",
		"-std=gnu++17",
		"-dM",
		"-E",
		"-c",
		"D:/QT/Tools/CMake_64/share/cmake-3.29/Modules/CMakeCXXCompilerABI.cpp"
	],
	"MOC_PREDEFS_FILE" : "D:/projects/XMLproject/build/Desktop_Qt_6_8_1_MinGW_64_bit-Release/XMLproject_autogen/moc_predefs.h",
	"MOC_RELAXED_MODE" : false,
	"MOC_SKIP" : [],
	"MULTI_CONFIG" : false,
	"PARALLEL" : 6,
	"PARSE_CACHE_FILE" : "D:/projects/XMLproject/build/Desktop_Qt_6_8_1_MinGW_64_bit-Release/CMakeFiles/XMLproject_autogen.dir/ParseCache.txt",
	"QT_MOC_EXECUTABLE" : "D:/QT/6.8.1/mingw_64/bin/moc.exe",
	"QT_UIC_EXECUTABLE" : "D:/QT/6.8.1/mingw_64/bin/uic.exe",
	"QT_VERSION_MAJOR" : 6,
	"QT_VERSION_MINOR" : 8,
	"SETTINGS_FILE" : "D:/projects/XMLproject/build/Desktop_Qt_6_8_1_MinGW_64_bit-Release/CMakeFiles/XMLproject_autogen.dir/AutogenUsed.txt",
	"SOURCES" : 
	[
		[ "D:/projects/XMLproject/compressor.cpp", "MU", null ],
		[ "D:/projects/XMLproject/decompressor.cpp", "MU", null ],
		[ "D:/projects/XMLproject/graph.cpp", "MU", null ],
		[ "D:/projects/XMLproject/largefileviewer.cpp", "MU", null ],
		[ "D:/projects/XMLproject/main.cpp", "MU", null ],
		[ "D:/projects/XMLproject/mainwindow.cpp", "MU", null ],
		[ "D:/projects/XMLproject/minify.cpp", "MU", null ],
		[ "D:/projects/XMLproject/most_active.cpp", "MU", null ],
		[ "D:/projects/XMLproject/most_influencer.cpp", "MU", null ],
		[ "D:/projects/XMLproject/mutual_followers.cpp", "MU", null ],
		[ "D:/projects/XMLproject/networkanalysiswindow.cpp", "MU", null ],
		[ "D:/projects/XMLproject/prettify.cpp", "MU", null ],
		[ "D:/projects/XMLproject/searchwindow.cpp", "MU", null ],
		[ "D:/projects/XMLproject/suggest.cpp", "MU", null ],
		[ "D:/projects/XMLproject/utils.cpp", "MU", null ],
		[ "D:/projects/XMLproject/word_topic_search.cpp", "MU", null ],
		[ "D:/projects/XMLproject/xml2json.cpp", "MU", null ],
		[ "D:/projects/XMLproject/xml_checker.cpp", "MU", null ],
		[ "D:/projects/XMLproject/xml_helper.cpp", "MU", null ],
		[ "D:/projects/XMLproject/xml_node.cpp", "MU", null ],
		[ "D:/projects/XMLproject/xml_parser.cpp", "MU", null ],
		[ "D:/projects/XMLproject/xml_util.cpp", "MU", null ]
	],
	"UIC_OPTIONS" : [],
	"UIC_SEARCH_PATHS" : [],
	"UIC_SKIP" : [],
	"UIC_UI_FILES" : [],
	"USE_BETTER_GRAPH" : true,
	"VERBOSITY" : 0
}
